"DESCRIPTION","DURATION IN MS","NAME","PARENT SUITE","START TIME","STATUS","STOP TIME","SUB SUITE","SUITE","TEST CLASS","TEST METHOD"
"","2114","test_sideoverlap_fingered_li1_m1_patternA","kpex/2.5D Extraction Tests [PDK sky130A | mode CC]","2026-09-22","passed","2026-09-22","","rcx25_CC_sky130A_test","",""
"","72","test_show_reads_both_kinds","Unit Tests","2026-09-22","passed","2026-09-22","Pex25DCLITest","pex25d_cli_test","",""
"","11","test_json_diagnostics_carry_the_codes","Unit Tests","2026-09-22","passed","2026-09-22","Pex25DCLITest","pex25d_cli_test","",""
"","0","test_a_bowtie_is_not_simple","Unit Tests","2026-09-22","passed","2026-09-22","Pex25DGeometryTest","geometry_test","",""
"","3","test_e0103_trailing_tokens","Unit Tests","2026-09-22","passed","2026-09-22","Pex25DReaderTest","reader_test","",""
"","2169","test_nfet_li1_redux","kpex/2.5D Extraction Tests [PDK sky130A | mode R]","2026-09-22","failed","2026-09-22","","rcx25_R_sky130A_test","",""
"","417","test_sideoverlap_fingered_li1_m1","kpex/2.5D Extraction Tests","2026-09-22","passed","2026-09-22","","rcx25_test","",""
"","1","test_klayout_polygon_to_pb","Unit Tests","2026-09-22","passed","2026-09-22","ShapesConverterTest","shapes_pb2_converter_test","",""
"","3","test_the_reserved_net_name_marks_a_floating_body","Unit Tests","2026-09-22","passed","2026-09-22","Pex25DResolverTest","resolver_test","",""
"","2061","test_lateral_fringe_shield_by_same_polygon_li1","kpex/2.5D Extraction Tests [PDK sky130A | mode CC]","2026-09-22","passed","2026-09-22","","rcx25_CC_sky130A_test","",""
"","2","test_identical_polygons_overlap","Unit Tests","2026-09-22","passed","2026-09-22","Pex25DGeometryTest","geometry_test","",""
"","1","test_the_generated_messages_are_reachable_by_name","Unit Tests","2026-09-22","passed","2026-09-22","Pex25DApiTest","api_test","",""
"","3","test_e0277_an_empty_terminal_node","Unit Tests","2026-09-22","passed","2026-09-22","Pex25DValidatorTest","validator_test","",""
"","2131","test_overlap_plates_100um_x_100um_li1_m1_m2_m3","kpex/2.5D Extraction Tests [PDK sky130A | mode CC]","2026-09-22","passed","2026-09-22","","rcx25_CC_sky130A_test","",""
"","0","test_a_scene_has_no_text_spelling","Unit Tests","2026-09-22","passed","2026-09-22","Pex25DArtifactTest","artifact_test","",""
"","2045","test_sidewall_cap_vpp_04p4x04p6_l1_redux","kpex/2.5D Extraction Tests [PDK sky130A | mode CC]","2026-09-22","passed","2026-09-22","","rcx25_CC_sky130A_test","",""
"","1087","test_fastercap_model_generator","Unit Tests","2026-09-22","passed","2026-09-22","","fastercap_model_generator_test","",""
"","3","test_e0271_a_metal_with_no_height","Unit Tests","2026-09-22","passed","2026-09-22","Pex25DValidatorTest","validator_test","",""
"","0","test_a_pdk_constraint_applies_only_to_that_pdk","Unit Tests","2026-09-22","passed","2026-09-22","Test","tool_version_constraints_test","",""
"","2","test_w0110_unknown_record_is_a_warning_and_is_skipped","Unit Tests","2026-09-22","passed","2026-09-22","Pex25DReaderTest","reader_test","",""
"","4","test_the_geometric_tier_only_runs_under_strict","Unit Tests","2026-09-22","passed","2026-09-22","Pex25DValidatorTest","validator_test","",""
"","3","test_e0220_resistance_metal_on_a_via","Unit Tests","2026-09-22","passed","2026-09-22","Pex25DResolverTest","resolver_test","",""
"","0","test_render_enum_help__default__intenum","Unit Tests","2026-09-22","passed","2026-09-22","Test","argparse_helpers_test","",""
"","3","test_e0201_terminal_on_a_dielectric","Unit Tests","2026-09-22","passed","2026-09-22","Pex25DResolverTest","resolver_test","",""
"","373","test_sidewall_net_uturn_l1_redux","kpex/2.5D Extraction Tests","2026-09-22","passed","2026-09-22","","rcx25_test","",""
"","2","test_w0265_geometry_without_a_resistance_when_others_have_one","Unit Tests","2026-09-22","passed","2026-09-22","Pex25DValidatorTest","validator_test","",""
"","1","test_substrate_node_at_magic_infinity_is_clamped_into_the_cell","Unit Tests","2026-09-22","passed","2026-09-22","Test","magic_log_analyzer_test","",""
"","49","test_convert_is_idempotent_through_every_encoding","Unit Tests","2026-09-22","passed","2026-09-22","Pex25DCLITest","pex25d_cli_test","",""
"","2","test_e0109_unreadable_include","Unit Tests","2026-09-22","passed","2026-09-22","Pex25DReaderTest","reader_test","",""
"","2","test_e0304_a_collinear_ring","Unit Tests","2026-09-22","passed","2026-09-22","Pex25DValidatorTest","validator_test","",""
"","2","test_e0306_a_hole_touching_its_outer_ring","Unit Tests","2026-09-22","passed","2026-09-22","Pex25DValidatorTest","validator_test","",""
"","1","test_an_excluded_version_is_the_only_one_rejected","Unit Tests","2026-09-22","passed","2026-09-22","Test","tool_version_constraints_test","",""
"","1","test_netlist_reduction_2","Unit Tests","2026-09-22","passed","2026-09-22","Test","netlist_reducer_test","",""
"","2","test_coincident_boundary_with_material_beyond_it","Unit Tests","2026-09-22","passed","2026-09-22","Pex25DGeometryTest","geometry_test","",""
"","2","test_e0309_boxes","Unit Tests","2026-09-22","passed","2026-09-22","Pex25DValidatorTest","validator_test","",""
"","2","test_a_path_without_a_conventional_suffix_is_reported_as_such","Unit Tests","2026-09-22","passed","2026-09-22","Pex25DApiTest","api_test","",""
"","0","test_e0109_include_cycle","Unit Tests","2026-09-22","passed","2026-09-22","Pex25DReaderTest","reader_test","",""
"","2","test_e0240_a_terminal_that_clips_a_via_cut","Unit Tests","2026-09-22","passed","2026-09-22","Pex25DResolverTest","resolver_test","",""
"","0","test_parse_csv","Unit Tests","2026-09-22","passed","2026-09-22","Test","capacitance_matrix_test","",""
"","3","test_fastercap_parse_capacitance_matrix","Unit Tests","2026-09-22","passed","2026-09-22","Test","fastercap_runner_test","",""
"","0","test_rings_meet","Unit Tests","2026-09-22","passed","2026-09-22","Pex25DGeometryTest","geometry_test","",""
"","19","test_resolve_refuses_to_write_half_a_scene","Unit Tests","2026-09-22","passed","2026-09-22","Pex25DCLITest","pex25d_cli_test","",""
"","1","test_an_l_shape_and_its_notch","Unit Tests","2026-09-22","passed","2026-09-22","Pex25DGeometryTest","geometry_test","",""
"","0","test_a_fold_back_is_not_simple","Unit Tests","2026-09-22","passed","2026-09-22","Pex25DGeometryTest","geometry_test","",""
"","1","test_invalid_prefix","Unit Tests","2026-09-22","passed","2026-09-22","UnitFormatterTest","unit_formatter_test","",""
"","1","test_ring_strictly_inside","Unit Tests","2026-09-22","passed","2026-09-22","Pex25DGeometryTest","geometry_test","",""
"","3","test_e0221_resistance_via_on_a_metal","Unit Tests","2026-09-22","passed","2026-09-22","Pex25DResolverTest","resolver_test","",""
"","0","test_constraints_compile_to_one_effective_range","Unit Tests","2026-09-22","passed","2026-09-22","Test","tool_version_constraints_test","",""
"","3","test_e0202_duplicate_profile_name","Unit Tests","2026-09-22","passed","2026-09-22","Pex25DResolverTest","resolver_test","",""
"","8","test_comments_change_nothing_but_the_comments","Unit Tests","2026-09-22","passed","2026-09-22","Pex25DWriterTest","writer_test","",""
"","6","test_the_fixture_is_clean","Unit Tests","2026-09-22","passed","2026-09-22","Pex25DValidatorTest","validator_test","",""
"","2","test_e0303_a_repeated_vertex","Unit Tests","2026-09-22","passed","2026-09-22","Pex25DValidatorTest","validator_test","",""
"","0","test_the_schemas_the_format_is_made_of_are_present","Unit Tests","2026-09-22","passed","2026-09-22","Pex25DApiTest","api_test","",""
"","4","test_netlist_reduction_1","Unit Tests","2026-09-22","passed","2026-09-22","Test","netlist_json_test","",""
"","2","test_e0105_off_grid","Unit Tests","2026-09-22","passed","2026-09-22","Pex25DReaderTest","reader_test","",""
"","0","test_normed_ascending","Unit Tests","2026-09-22","passed","2026-09-22","NetCoupleKeyTest","extraction_results_test","",""
"","3","test_clipping_a_polygon_via_cut_is_rejected","Unit Tests","2026-09-22","passed","2026-09-22","Pex25DResolverTest","resolver_test","",""
"","2119","test_sideoverlap_fingered_li1_m1","kpex/2.5D Extraction Tests [PDK sky130A | mode CC]","2026-09-22","passed","2026-09-22","","rcx25_CC_sky130A_test","",""
"","2","test_e0103_a_dropped_continuation","Unit Tests","2026-09-22","passed","2026-09-22","Pex25DReaderTest","reader_test","",""
"","1","test_the_naming_convention","Unit Tests","2026-09-22","passed","2026-09-22","Pex25DArtifactTest","artifact_test","",""
"","1","test_klayout_box_to_pb","Unit Tests","2026-09-22","passed","2026-09-22","ShapesConverterTest","shapes_pb2_converter_test","",""
"","3","test_e0275_a_dielectric_naming_a_profile_the_scene_has_not_got","Unit Tests","2026-09-22","passed","2026-09-22","Pex25DValidatorTest","validator_test","",""
"","16","test_an_abutting_device_gets_only_a_boundary_strip","Unit Tests","2026-09-22","passed","2026-09-22","Pex25DBuilderTerminalTest","pex25d_builder_test","",""
"","0","test_klayout_box","Unit Tests","2026-09-22","passed","2026-09-22","ShapesConverterTest","shapes_pb2_converter_test","",""
"","0","test_klayout_polygon","Unit Tests","2026-09-22","passed","2026-09-22","ShapesConverterTest","shapes_pb2_converter_test","",""
"","16","test_an_invalid_file_exits_one","Unit Tests","2026-09-22","passed","2026-09-22","Pex25DCLITest","pex25d_cli_test","",""
"","2","test_reads_the_fixture_without_diagnostics","Unit Tests","2026-09-22","passed","2026-09-22","Pex25DReaderTest","reader_test","",""
"","1","test_touching_is_not_overlapping","Unit Tests","2026-09-22","passed","2026-09-22","Pex25DGeometryTest","geometry_test","",""
"","8","test_every_exported_name_resolves","Unit Tests","2026-09-22","passed","2026-09-22","Pex25DApiTest","api_test","",""
"","7","test_overlap_is_symmetric","Unit Tests","2026-09-22","passed","2026-09-22","Pex25DGeometryTest","geometry_test","",""
"","3904","test_mom_cap__whiteboxed","kpex/2.5D Extraction Tests [PDK sky130A | mode CC]","2026-09-22","passed","2026-09-22","","rcx25_CC_sky130A_test","",""
"","3","test_no_w0265_when_the_file_states_no_resistance_at_all","Unit Tests","2026-09-22","passed","2026-09-22","Pex25DValidatorTest","validator_test","",""
"","3","test_e0274_dielectrics_out_of_depth_order","Unit Tests","2026-09-22","passed","2026-09-22","Pex25DValidatorTest","validator_test","",""
"","3","test_e0202_the_background_is_in_the_namespace_too","Unit Tests","2026-09-22","passed","2026-09-22","Pex25DResolverTest","resolver_test","",""
"","3","test_wrap_depth_and_root","Unit Tests","2026-09-22","passed","2026-09-22","Pex25DResolverTest","resolver_test","",""
"","12","test_node_capacitance_may_be_fractional","Unit Tests","2026-09-22","passed","2026-09-22","Test","magic_log_analyzer_test","",""
"","3","test_clipping_can_split_a_terminal_into_disjoint_boxes","Unit Tests","2026-09-22","passed","2026-09-22","Pex25DResolverTest","resolver_test","",""
"","2","test_domain_margin_expands_the_geometry_bounds","Unit Tests","2026-09-22","passed","2026-09-22","Pex25DResolverTest","resolver_test","",""
"","19","test_a_label_outside_the_pin_marker_is_ignored","Unit Tests","2026-09-22","passed","2026-09-22","Pex25DBuilderTerminalTest","pex25d_builder_test","",""
"","2","test_layers_whose_z_extents_only_touch_do_not_overlap","Unit Tests","2026-09-22","passed","2026-09-22","Pex25DValidatorTest","validator_test","",""
"","2","test_e0101_record_ends_early","Unit Tests","2026-09-22","passed","2026-09-22","Pex25DReaderTest","reader_test","",""
"","4","test_e0309_a_shape_reaching_out_of_a_hole","Unit Tests","2026-09-22","passed","2026-09-22","Pex25DValidatorTest","validator_test","",""
"","0","test_ring_is_simple","Unit Tests","2026-09-22","passed","2026-09-22","Pex25DGeometryTest","geometry_test","",""
"","10","test_e0104_rejects_number_forms_python_would_accept","Unit Tests","2026-09-22","passed","2026-09-22","Pex25DReaderTest","reader_test","",""
"","424","test_overlap_plates_100um_x_100um_li1_m1_m2_m3","kpex/2.5D Extraction Tests","2026-09-22","passed","2026-09-22","","rcx25_test","",""
"","2058","test_sidewall_net_uturn_l1_redux","kpex/2.5D Extraction Tests [PDK sky130A | mode CC]","2026-09-22","passed","2026-09-22","","rcx25_CC_sky130A_test","",""
"","11","test_netlist_reduction_2","Unit Tests","2026-09-22","passed","2026-09-22","Test","netlist_json_test","",""
"","1","test_ports_are_reported","Unit Tests","2026-09-22","passed","2026-09-22","Test","magic_log_analyzer_test","",""
"","3","test_the_background_never_competes_for_occupancy","Unit Tests","2026-09-22","passed","2026-09-22","Pex25DResolverTest","resolver_test","",""
"","17","test_a_device_terminal_keeps_all_its_disjoint_shapes_in_one_node","Unit Tests","2026-09-22","passed","2026-09-22","Pex25DBuilderTerminalTest","pex25d_builder_test","",""
"","2","test_one_conductor_may_overlap_itself","Unit Tests","2026-09-22","passed","2026-09-22","Pex25DValidatorTest","validator_test","",""
"","1","test_e0106_a_length_before_units","Unit Tests","2026-09-22","passed","2026-09-22","Pex25DReaderTest","reader_test","",""
"","7","test_a_path_carries_the_kind_and_the_encoding","Unit Tests","2026-09-22","passed","2026-09-22","Pex25DApiTest","api_test","",""
"","2119","test_wire_voltage_divider_li1","kpex/2.5D Extraction Tests [PDK sky130A | mode R]","2026-09-22","passed","2026-09-22","","rcx25_R_sky130A_test","",""
"","30","test_werror_turns_a_warning_into_a_failure","Unit Tests","2026-09-22","passed","2026-09-22","Pex25DCLITest","pex25d_cli_test","",""
"","13","test_a_valid_file_exits_zero","Unit Tests","2026-09-22","passed","2026-09-22","Pex25DCLITest","pex25d_cli_test","",""
"","6","test_a_wrap_never_splits_a_coordinate_pair","Unit Tests","2026-09-22","passed","2026-09-22","Pex25DWriterTest","writer_test","",""
"","23","test_invalid_pdk_from_env","Unit Tests","2026-09-22","passed","2026-09-22","Test","env_test","",""
"","0","test_summarize_sidewall","Unit Tests","2026-09-22","passed","2026-09-22","CellExtractionResultsTest","extraction_results_test","",""
"","3","test_conformal_thicknesses_are_carried_in_grid_units","Unit Tests","2026-09-22","passed","2026-09-22","Pex25DResolverTest","resolver_test","",""
"","1","test_render_enum_help__nodefault__intenum","Unit Tests","2026-09-22","passed","2026-09-22","Test","argparse_helpers_test","",""
"","0","test_klayout_region","Unit Tests","2026-09-22","passed","2026-09-22","ShapesConverterTest","shapes_pb2_converter_test","",""
"","368","test_sidewall_100um_x_100um_distance_200nm_li1","kpex/2.5D Extraction Tests","2026-09-22","passed","2026-09-22","","rcx25_test","",""
"","3","test_e0202_a_dielectric_declared_twice","Unit Tests","2026-09-22","passed","2026-09-22","Pex25DResolverTest","resolver_test","",""
"","382","test_sideoverlap_simple_plates_li1_m1","kpex/2.5D Extraction Tests","2026-09-22","passed","2026-09-22","","rcx25_test","",""
"","0","test_the_kind_of_a_message_follows_its_descriptor","Unit Tests","2026-09-22","passed","2026-09-22","Pex25DApiTest","api_test","",""
"","0","test_render_enum_help__default__strenum__lowercased","Unit Tests","2026-09-22","passed","2026-09-22","Test","argparse_helpers_test","",""
"","1","test_summarize_sideoverlap","Unit Tests","2026-09-22","passed","2026-09-22","CellExtractionResultsTest","extraction_results_test","",""
"","2","test_two_conductors_may_abut","Unit Tests","2026-09-22","passed","2026-09-22","Pex25DValidatorTest","validator_test","",""
"","2","test_a_value_a_modulo_check_would_reject","Unit Tests","2026-09-22","passed","2026-09-22","Pex25DReaderTest","reader_test","",""
"","3","test_a_polygon_ring_is_not_closed_explicitly","Unit Tests","2026-09-22","passed","2026-09-22","Pex25DReaderTest","reader_test","",""
"","3","test_e0212_connects_endpoints_out_of_order","Unit Tests","2026-09-22","passed","2026-09-22","Pex25DResolverTest","resolver_test","",""
"","3","test_a_dielectric_shares_the_profile_namespace_with_the_metals","Unit Tests","2026-09-22","passed","2026-09-22","Pex25DResolverTest","resolver_test","",""
"","2","test_e0211_metal_with_inverted_z","Unit Tests","2026-09-22","passed","2026-09-22","Pex25DResolverTest","resolver_test","",""
"","2","test_e0104_bad_literal","Unit Tests","2026-09-22","passed","2026-09-22","Pex25DReaderTest","reader_test","",""
"","1","test_duplicate_names_are_reported_per_namespace","Unit Tests","2026-09-22","passed","2026-09-22","Test","tech_info_test","",""
"","3","test_a_message_the_path_does_not_describe_is_refused","Unit Tests","2026-09-22","passed","2026-09-22","Pex25DApiTest","api_test","",""
"","3","test_the_pipeline_needs_no_other_import","Unit Tests","2026-09-22","passed","2026-09-22","Pex25DApiTest","api_test","",""
"","3","test_read_error_is_raised_once_errors_exist","Unit Tests","2026-09-22","passed","2026-09-22","Pex25DReaderTest","reader_test","",""
"","30","test_repeated_labels_produce_unique_stable_names","Unit Tests","2026-09-22","passed","2026-09-22","Pex25DBuilderTerminalTest","pex25d_builder_test","",""
"","0","test_valid_pdk_from_env","Unit Tests","2026-09-22","passed","2026-09-22","Test","env_test","",""
"","0","test_normed_descending","Unit Tests","2026-09-22","passed","2026-09-22","NetCoupleKeyTest","extraction_results_test","",""
"","10","test_a_scene_survives_the_protobuf_encodings","Unit Tests","2026-09-22","passed","2026-09-22","Pex25DArtifactTest","artifact_test","",""
"","386","test_near_body_shield_li1_m1","kpex/2.5D Extraction Tests","2026-09-22","passed","2026-09-22","","rcx25_test","",""
"","416","test_sideoverlap_plates_li1_m1","kpex/2.5D Extraction Tests","2026-09-22","passed","2026-09-22","","rcx25_test","",""
"","2","test_e0262_a_grid_that_does_not_divide_the_source_dbu","Unit Tests","2026-09-22","passed","2026-09-22","Pex25DValidatorTest","validator_test","",""
"","3","test_lengths_are_rendered_exactly","Unit Tests","2026-09-22","passed","2026-09-22","Pex25DWriterTest","writer_test","",""
"","2","test_e0273_a_metal_carrying_a_via_resistance","Unit Tests","2026-09-22","passed","2026-09-22","Pex25DValidatorTest","validator_test","",""
"","1","test_auto_prefix","Unit Tests","2026-09-22","passed","2026-09-22","UnitFormatterTest","unit_formatter_test","",""
"","1","test_averaged_off_diagonals","Unit Tests","2026-09-22","passed","2026-09-22","Test","capacitance_matrix_test","",""
"","378","test_overlap_plates_100um_x_100um_li1_m1","kpex/2.5D Extraction Tests","2026-09-22","passed","2026-09-22","","rcx25_test","",""
"","3","test_validating_never_raises","Unit Tests","2026-09-22","passed","2026-09-22","Pex25DValidatorTest","validator_test","",""
"","3","test_a_packaging_release_is_not_part_of_the_tool_version","Unit Tests","2026-09-22","passed","2026-09-22","Test","tool_version_constraints_test","",""
"","3","test_e0307_holes_that_touch","Unit Tests","2026-09-22","passed","2026-09-22","Pex25DValidatorTest","validator_test","",""
"","20","test_device_terminal_names_cannot_collide_with_pin_names","Unit Tests","2026-09-22","passed","2026-09-22","Pex25DBuilderTerminalTest","pex25d_builder_test","",""
"","2","test_a_shape_filling_a_hole_exactly","Unit Tests","2026-09-22","passed","2026-09-22","Pex25DGeometryTest","geometry_test","",""
"","3","test_a_via_takes_its_extent_from_connects","Unit Tests","2026-09-22","passed","2026-09-22","Pex25DResolverTest","resolver_test","",""
"","3","test_e0272_a_via_without_its_resolved_endpoints","Unit Tests","2026-09-22","passed","2026-09-22","Pex25DValidatorTest","validator_test","",""
"","2224","test_via_stack_1x1_minsize_poly_to_met5","kpex/2.5D Extraction Tests [PDK sky130A | mode R]","2026-09-22","failed","2026-09-22","","rcx25_R_sky130A_test","",""
"","2195","test_sideoverlap_complex_li1_m1","kpex/2.5D Extraction Tests [PDK sky130A | mode CC]","2026-09-22","passed","2026-09-22","","rcx25_CC_sky130A_test","",""
"","11","test_a_pin_without_interconnect_reports_a_build_error","Unit Tests","2026-09-22","passed","2026-09-22","Pex25DBuilderTerminalTest","pex25d_builder_test","",""
"","21","test_a_bad_command_line_exits_two","Unit Tests","2026-09-22","passed","2026-09-22","Pex25DCLITest","pex25d_cli_test","",""
"","0","test_ring_is_collinear","Unit Tests","2026-09-22","passed","2026-09-22","Pex25DGeometryTest","geometry_test","",""
"","1","test_containment_counts","Unit Tests","2026-09-22","passed","2026-09-22","Pex25DGeometryTest","geometry_test","",""
"","27","test_netlist_expansion","Unit Tests","2026-09-22","passed","2026-09-22","Test","netlist_expander_test","",""
"","0","test_boundary_cases","Unit Tests","2026-09-22","passed","2026-09-22","UnitFormatterTest","unit_formatter_test","",""
"","1","test_stdio_falls_back_to_the_defaults","Unit Tests","2026-09-22","passed","2026-09-22","Pex25DArtifactTest","artifact_test","",""
"","0","test_klayout_point","Unit Tests","2026-09-22","passed","2026-09-22","ShapesConverterTest","shapes_pb2_converter_test","",""
"","2071","test_near_body_shield_li1_m1","kpex/2.5D Extraction Tests [PDK sky130A | mode CC]","2026-09-22","passed","2026-09-22","","rcx25_CC_sky130A_test","",""
"","2","test_a_grid_that_does_divide_the_source_dbu","Unit Tests","2026-09-22","passed","2026-09-22","Pex25DValidatorTest","validator_test","",""
"","2","test_include_flattens_and_records_the_source_file","Unit Tests","2026-09-22","passed","2026-09-22","Pex25DReaderTest","reader_test","",""
"","0","test_an_unconventional_name_has_to_be_stated","Unit Tests","2026-09-22","passed","2026-09-22","Pex25DArtifactTest","artifact_test","",""
"","5","test_source_refs_are_off_unless_asked_for","Unit Tests","2026-09-22","passed","2026-09-22","Pex25DReaderTest","reader_test","",""
"","2","test_e0302_a_ring_closed_explicitly","Unit Tests","2026-09-22","passed","2026-09-22","Pex25DValidatorTest","validator_test","",""
"","2","test_non_manhattan_clipping_is_not_silently_rounded","Unit Tests","2026-09-22","passed","2026-09-22","Pex25DResolverTest","resolver_test","",""
"","368","test_lateral_fringe_shield_by_same_polygon_li1","kpex/2.5D Extraction Tests","2026-09-22","passed","2026-09-22","","rcx25_test","",""
"","6","test_round_trip_is_byte_identical","Unit Tests","2026-09-22","passed","2026-09-22","Pex25DWriterTest","writer_test","",""
"","1","test_format_exact_refuses_what_it_cannot_render","Unit Tests","2026-09-22","passed","2026-09-22","Pex25DWriterTest","writer_test","",""
"","370","test_sidewall_cap_vpp_04p4x04p6_l1_redux","kpex/2.5D Extraction Tests","2026-09-22","passed","2026-09-22","","rcx25_test","",""
"","2119","test_single_wire_li1","kpex/2.5D Extraction Tests [PDK sky130A | mode R]","2026-09-22","passed","2026-09-22","","rcx25_R_sky130A_test","",""
"","3","test_a_resolved_scene_is_clean","Unit Tests","2026-09-22","passed","2026-09-22","Pex25DValidatorTest","validator_test","",""
"","3","test_domain_box_is_copied_verbatim","Unit Tests","2026-09-22","passed","2026-09-22","Pex25DResolverTest","resolver_test","",""
"","3","test_e0270_a_layer_with_no_kind","Unit Tests","2026-09-22","passed","2026-09-22","Pex25DValidatorTest","validator_test","",""
"","4","test_a_box_in_the_notch_of_an_l_shape","Unit Tests","2026-09-22","passed","2026-09-22","Pex25DValidatorTest","validator_test","",""
"","5","test_a_conductor_may_sit_inside_another_ones_hole","Unit Tests","2026-09-22","passed","2026-09-22","Pex25DValidatorTest","validator_test","",""
"","487","test_sideoverlap_complex_li1_m1","kpex/2.5D Extraction Tests","2026-09-22","passed","2026-09-22","","rcx25_test","",""
"","3","test_w0264_a_conductor_with_no_geometry","Unit Tests","2026-09-22","passed","2026-09-22","Pex25DValidatorTest","validator_test","",""
"","3","test_a_via_may_land_on_the_ground_plane","Unit Tests","2026-09-22","passed","2026-09-22","Pex25DResolverTest","resolver_test","",""
"","3","test_e0230_cyclic_wraps","Unit Tests","2026-09-22","passed","2026-09-22","Pex25DResolverTest","resolver_test","",""
"","3","test_resistance_is_carried_onto_the_layer","Unit Tests","2026-09-22","passed","2026-09-22","Pex25DResolverTest","resolver_test","",""
"","3","test_no_domain_record_leaves_the_domain_unspecified","Unit Tests","2026-09-22","passed","2026-09-22","Pex25DResolverTest","resolver_test","",""
"","2","test_e0260_a_simple_dielectric_wrapping_an_inner_link","Unit Tests","2026-09-22","passed","2026-09-22","Pex25DValidatorTest","validator_test","",""
"","3","test_e0263_a_terminal_on_a_floating_conductor","Unit Tests","2026-09-22","passed","2026-09-22","Pex25DValidatorTest","validator_test","",""
"","0","test_klayout_point_to_pb","Unit Tests","2026-09-22","passed","2026-09-22","ShapesConverterTest","shapes_pb2_converter_test","",""
"","0","test_forced_prefix","Unit Tests","2026-09-22","passed","2026-09-22","UnitFormatterTest","unit_formatter_test","",""
"","9","test_fastcap_parse_capacitance_matrix","Unit Tests","2026-09-22","passed","2026-09-22","Test","fastcap_runner_test","",""
"","2","test_e0108_duplicate_meta_key","Unit Tests","2026-09-22","passed","2026-09-22","Pex25DReaderTest","reader_test","",""
"","387","test_sideoverlap_fingered_li1_m1_patternA","kpex/2.5D Extraction Tests","2026-09-22","passed","2026-09-22","","rcx25_test","",""
"","2","test_e0107_unsupported_major_version","Unit Tests","2026-09-22","passed","2026-09-22","Pex25DReaderTest","reader_test","",""
"","2","test_every_declared_constraint_is_well_formed","Unit Tests","2026-09-22","passed","2026-09-22","Test","tool_version_constraints_test","",""
"","1","test_an_explicit_choice_beats_the_name","Unit Tests","2026-09-22","passed","2026-09-22","Pex25DArtifactTest","artifact_test","",""
"","11","test_an_unconventional_output_name_exits_two","Unit Tests","2026-09-22","passed","2026-09-22","Pex25DCLITest","pex25d_cli_test","",""
"","2","test_an_anchor_metal_without_shapes_is_legal","Unit Tests","2026-09-22","passed","2026-09-22","Pex25DResolverTest","resolver_test","",""
"","2131","test_sideoverlap_plates_li1_m1","kpex/2.5D Extraction Tests [PDK sky130A | mode CC]","2026-09-22","passed","2026-09-22","","rcx25_CC_sky130A_test","",""
"","1","test_netlist_reduction_1","Unit Tests","2026-09-22","passed","2026-09-22","Test","netlist_reducer_test","",""
"","3","test_e0309_identical_polygons","Unit Tests","2026-09-22","passed","2026-09-22","Pex25DValidatorTest","validator_test","",""
"","36","test_shipped_tech_definitions_have_unique_names","Unit Tests","2026-09-22","passed","2026-09-22","Test","tech_info_test","",""
"","2","test_e0308_an_empty_box","Unit Tests","2026-09-22","passed","2026-09-22","Pex25DValidatorTest","validator_test","",""
"","3","test_e0102_wrong_clause_keyword","Unit Tests","2026-09-22","passed","2026-09-22","Pex25DReaderTest","reader_test","",""
"","3","test_resolve_error_stops_before_a_half_built_scene","Unit Tests","2026-09-22","passed","2026-09-22","Pex25DResolverTest","resolver_test","",""
"","4","test_a_polygon_with_two_separate_holes_is_fine","Unit Tests","2026-09-22","passed","2026-09-22","Pex25DValidatorTest","validator_test","",""
"","2","test_a_profile_without_resistance_carries_none","Unit Tests","2026-09-22","passed","2026-09-22","Pex25DResolverTest","resolver_test","",""
"","0","test_winding_does_not_matter","Unit Tests","2026-09-22","passed","2026-09-22","Pex25DGeometryTest","geometry_test","",""
"","2","test_format_exact","Unit Tests","2026-09-22","passed","2026-09-22","Pex25DWriterTest","writer_test","",""
"","0","test_a_pdk_constraint_is_part_of_that_pdk_s_range","Unit Tests","2026-09-22","passed","2026-09-22","Test","tool_version_constraints_test","",""
"","22","test_a_box_cannot_silently_short_interconnect_between_device_shapes","Unit Tests","2026-09-22","passed","2026-09-22","Pex25DBuilderTerminalTest","pex25d_builder_test","",""
"","2","test_a_terminal_may_take_a_whole_cut","Unit Tests","2026-09-22","passed","2026-09-22","Pex25DResolverTest","resolver_test","",""
"","7","test_every_generated_schema_is_reachable","Unit Tests","2026-09-22","passed","2026-09-22","Pex25DApiTest","api_test","",""
"","17","test_a_file_survives_every_encoding","Unit Tests","2026-09-22","passed","2026-09-22","Pex25DArtifactTest","artifact_test","",""
"","3","test_e0266_a_conductor_declared_twice","Unit Tests","2026-09-22","passed","2026-09-22","Pex25DValidatorTest","validator_test","",""
"","7571","test_single_plate_100um_x_100um_li1_over_substrate","kpex/FasterCap Extraction Tests","2026-09-22","failed","2026-09-22","","fastercap_test","",""
"","2075","test_overlap_plates_100um_x_100um_li1_m1","kpex/2.5D Extraction Tests [PDK sky130A | mode CC]","2026-09-22","passed","2026-09-22","","rcx25_CC_sky130A_test","",""
"","2087","test_sideoverlap_simple_plates_li1_m1","kpex/2.5D Extraction Tests [PDK sky130A | mode CC]","2026-09-22","passed","2026-09-22","","rcx25_CC_sky130A_test","",""
"","2","test_lengths_become_exact_grid_integers","Unit Tests","2026-09-22","passed","2026-09-22","Pex25DReaderTest","reader_test","",""
"","10","test_long_records_wrap_and_read_back_identically","Unit Tests","2026-09-22","passed","2026-09-22","Pex25DWriterTest","writer_test","",""
"","431","test_sideoverlap_shielding_simple_plates_li1_m1_m2","kpex/2.5D Extraction Tests","2026-09-22","passed","2026-09-22","","rcx25_test","",""
"","3","test_dielectrics_come_out_in_ascending_depth","Unit Tests","2026-09-22","passed","2026-09-22","Pex25DResolverTest","resolver_test","",""
"","2077","test_sidewall_100um_x_100um_distance_200nm_li1","kpex/2.5D Extraction Tests [PDK sky130A | mode CC]","2026-09-22","passed","2026-09-22","","rcx25_CC_sky130A_test","",""
"","1","test_a_sliver_of_shared_area","Unit Tests","2026-09-22","passed","2026-09-22","Pex25DGeometryTest","geometry_test","",""
"","14","test_resolve_writes_a_scene","Unit Tests","2026-09-22","passed","2026-09-22","Pex25DCLITest","pex25d_cli_test","",""
"","2","test_e0107_wrong_header","Unit Tests","2026-09-22","passed","2026-09-22","Pex25DReaderTest","reader_test","",""
"","3","test_a_via_between_abutting_layers_is_not_an_error","Unit Tests","2026-09-22","passed","2026-09-22","Pex25DValidatorTest","validator_test","",""
"","368","test_single_plate_100um_x_100um_li1_over_substrate","kpex/2.5D Extraction Tests","2026-09-22","passed","2026-09-22","","rcx25_test","",""
"","2","test_the_reader_refuses_a_duplicate","Unit Tests","2026-09-22","passed","2026-09-22","Test","tech_info_test","",""
"","3","test_e0201_unknown_profile","Unit Tests","2026-09-22","passed","2026-09-22","Pex25DResolverTest","resolver_test","",""
"","5","test_round_trip_preserves_the_message","Unit Tests","2026-09-22","passed","2026-09-22","Pex25DWriterTest","writer_test","",""
"","2","test_conductors_carry_their_geometry_grouped_by_layer","Unit Tests","2026-09-22","passed","2026-09-22","Pex25DResolverTest","resolver_test","",""
"","3","test_an_unknown_suffix_is_accepted","Unit Tests","2026-09-22","passed","2026-09-22","Pex25DReaderTest","reader_test","",""
"","2","test_w0269_coefficients_with_no_reference_temperature","Unit Tests","2026-09-22","passed","2026-09-22","Pex25DValidatorTest","validator_test","",""
"","3","test_terminal_clipping_preserves_a_polygon_hole","Unit Tests","2026-09-22","passed","2026-09-22","Pex25DResolverTest","resolver_test","",""
"","3","test_geometry_bounds_ignore_laterally_unbounded_materials","Unit Tests","2026-09-22","passed","2026-09-22","Pex25DResolverTest","resolver_test","",""
"","1","test_render_enum_help__default__strenum","Unit Tests","2026-09-22","passed","2026-09-22","Test","argparse_helpers_test","",""
"","477","test_mom_cap__blackboxed","kpex/2.5D Extraction Tests [PDK sky130A | mode CC]","2026-09-22","passed","2026-09-22","","rcx25_CC_sky130A_test","",""
"","2144","test_contact_1x1_minsize_mcon","kpex/2.5D Extraction Tests [PDK sky130A | mode R]","2026-09-22","passed","2026-09-22","","rcx25_R_sky130A_test","",""
"","3","test_a_simple_band_spans_bottom_to_bottom","Unit Tests","2026-09-22","passed","2026-09-22","Pex25DResolverTest","resolver_test","",""
"","4","test_e0261_two_films_at_the_same_depth_on_one_root","Unit Tests","2026-09-22","passed","2026-09-22","Pex25DValidatorTest","validator_test","",""
"","3","test_e0279_geometry_on_a_layer_the_scene_has_not_got","Unit Tests","2026-09-22","passed","2026-09-22","Pex25DValidatorTest","validator_test","",""
"","3","test_a_terminal_resolves_to_its_intersection","Unit Tests","2026-09-22","passed","2026-09-22","Pex25DResolverTest","resolver_test","",""
"","360","test_single_plate_100um_x_100um_li1_over_substrate","kpex/2.5D Extraction Tests [PDK sky130A | mode CC]","2026-09-22","passed","2026-09-22","","rcx25_CC_sky130A_test","",""
"","3","test_e0276_a_terminal_on_a_layer_the_conductor_does_not_use","Unit Tests","2026-09-22","passed","2026-09-22","Pex25DValidatorTest","validator_test","",""
"","3","test_e0268_two_resistance_records_for_one_profile","Unit Tests","2026-09-22","passed","2026-09-22","Pex25DValidatorTest","validator_test","",""
"","2086","test_sideoverlap_shielding_simple_plates_li1_m1_m2","kpex/2.5D Extraction Tests [PDK sky130A | mode CC]","2026-09-22","passed","2026-09-22","","rcx25_CC_sky130A_test","",""
"","0","test_a_hole_that_leaves_a_concave_outer_and_comes_back","Unit Tests","2026-09-22","passed","2026-09-22","Pex25DGeometryTest","geometry_test","",""
"","1","test_write_csv","Unit Tests","2026-09-22","passed","2026-09-22","Test","capacitance_matrix_test","",""
"","0","test_binary_formats_are_flagged","Unit Tests","2026-09-22","passed","2026-09-22","Pex25DArtifactTest","artifact_test","",""
"","0","test_klayout_box_to_pb__with_properties","Unit Tests","2026-09-22","passed","2026-09-22","ShapesConverterTest","shapes_pb2_converter_test","",""
"","0","test_env_with_custom_variables","Unit Tests","2026-09-22","passed","2026-09-22","Test","env_test","",""
"","0","test_env_has_defaults","Unit Tests","2026-09-22","passed","2026-09-22","Test","env_test","",""
"","0","test_summarize_overlap","Unit Tests","2026-09-22","passed","2026-09-22","CellExtractionResultsTest","extraction_results_test","",""
"","1","test_overlapping_and_disjoint_boxes","Unit Tests","2026-09-22","passed","2026-09-22","Pex25DGeometryTest","geometry_test","",""
"","18","test_pin_on_a_bent_wire_resolves","Unit Tests","2026-09-22","passed","2026-09-22","Pex25DBuilderTerminalTest","pex25d_builder_test","",""
"","3","test_e0305_a_self_intersecting_ring","Unit Tests","2026-09-22","passed","2026-09-22","Pex25DValidatorTest","validator_test","",""
"","3","test_e0267_a_terminal_declared_twice","Unit Tests","2026-09-22","passed","2026-09-22","Pex25DValidatorTest","validator_test","",""
"","2","test_magic_reports_its_patch_level_as_a_revision","Unit Tests","2026-09-22","passed","2026-09-22","Test","tool_version_constraints_test","",""
"","16","test_pin_uses_its_label_not_the_whole_pin_polygon","Unit Tests","2026-09-22","passed","2026-09-22","Pex25DBuilderTerminalTest","pex25d_builder_test","",""
"","4","test_a_hole_is_not_part_of_the_polygon","Unit Tests","2026-09-22","passed","2026-09-22","Pex25DGeometryTest","geometry_test","",""
"","2","test_e0242_a_terminal_that_selects_nothing","Unit Tests","2026-09-22","passed","2026-09-22","Pex25DResolverTest","resolver_test","",""
"","3","test_a_terminal_in_a_polygon_hole_selects_nothing","Unit Tests","2026-09-22","passed","2026-09-22","Pex25DResolverTest","resolver_test","",""
